temperature,pressure,purity,speed,quality_score
222,104,91.12,353,6.27
212,57,97.32,314,5.85
134,88,88.74,454,4.2
226,50,80.08,269,6.06
191,65,94.75,193,7.15
140,102,80.89,461,3.81
222,98,71.03,305,5.74
241,66,94.92,356,7.71
194,88,80.36,257,6.69
207,116,93.22,400,6.24
236,72,80.88,483,5.6
219,40,95.83,279,6.44
223,60,76.59,442,4.56
250,94,99.24,169,10.0
172,45,93.39,431,4.65
121,120,73.43,434,3.81
207,108,86.97,150,8.63
157,44,99.56,268,5.47
249,42,84.13,184,7.91
140,92,75.46,347,3.66
177,62,84.54,394,5.26
141,92,85.37,208,6.21
208,76,92.25,474,4.68
168,113,90.97,310,6.49
178,113,82.08,328,5.19
134,56,76.54,355,2.67
170,117,89.35,161,8.61
227,112,82.65,425,5.56
174,40,73.97,330,3.29
183,90,97.02,391,6.06
250,84,90.74,365,7.57
170,116,90.5,400,5.85
140,43,94.68,448,3.67
192,101,85.89,275,6.37
137,104,94.45,366,4.49
208,71,84.94,455,5.22
179,73,72.02,434,3.14
133,111,82.16,334,4.66
128,78,84.92,188,6.43
209,65,91.61,372,6.0
172,73,73.2,333,4.53
249,93,74.2,327,7.54
203,42,77.91,443,3.19
211,89,77.99,489,4.54
230,51,91.97,300,6.73
127,104,77.52,275,4.98
154,93,88.99,450,4.81
200,44,84.83,457,4.02
169,96,87.2,485,4.22
223,56,95.14,383,6.48
121,86,82.13,157,5.76
173,62,93.13,490,3.31
225,118,82.66,278,7.03
123,53,80.62,413,1.53
173,105,98.76,306,7.9
163,114,75.53,154,6.46
133,90,72.71,235,4.72
214,77,93.13,324,6.55
167,103,72.05,439,3.72
134,77,95.11,342,5.29
159,89,83.12,460,4.03
201,69,97.47,268,6.85
230,118,91.65,367,7.18
172,90,88.31,263,6.51
143,102,98.48,294,6.19
243,91,81.9,175,9.24
160,77,98.62,285,6.53
134,118,74.05,452,3.5
164,69,84.51,381,4.6
184,90,78.1,225,6.95
208,120,86.2,477,5.38
190,44,74.86,494,1.88
128,68,95.25,451,3.62
207,43,95.39,438,4.47
248,49,98.66,150,8.85
182,95,74.64,296,5.73
200,56,88.7,436,5.08
152,113,84.23,291,5.83
242,56,80.33,202,7.52
124,108,80.55,453,3.96
160,73,82.38,218,6.0
147,45,91.15,239,6.67
191,92,87.95,369,5.93
131,105,83.79,341,3.79
152,116,72.28,212,6.33
167,82,72.33,222,5.71
181,114,70.07,310,5.97
156,62,99.03,318,5.91
218,94,70.16,238,6.47
223,119,73.09,325,5.79
154,114,79.44,418,4.11
220,55,94.22,222,7.14
250,47,98.86,394,6.21
120,43,93.7,226,5.37
124,43,90.72,308,4.91
222,95,85.64,473,5.3
146,64,72.6,247,3.89
134,106,98.75,251,6.89
209,106,92.75,281,8.16
161,66,89.17,251,5.56
243,71,92.77,168,8.78
182,89,91.72,231,7.14
215,100,89.12,428,5.39
171,90,99.42,488,4.96
215,58,97.1,480,4.85
148,60,89.4,278,5.39
155,44,90.8,493,2.37
132,81,71.55,459,1.93
190,100,90.1,238,7.69
205,61,71.32,362,4.18
147,60,87.65,292,5.74
185,109,99.98,214,8.11
164,40,86.67,225,5.64
181,44,84.2,348,4.95
147,51,79.39,292,3.5
147,85,73.62,465,1.76
227,73,91.93,242,6.95
163,88,75.78,454,3.89
203,117,73.46,373,5.15
149,84,82.65,440,4.73
194,66,93.86,251,6.6
247,112,92.35,416,7.12
211,65,71.65,259,6.44
248,86,83.65,479,6.28
240,95,85.67,414,7.14
146,102,89.34,152,7.9
240,87,89.51,234,8.67
235,100,80.94,431,5.93
122,120,86.82,477,3.85
222,65,84.43,453,4.4
181,75,96.55,266,6.38
170,40,85.91,370,4.05
178,47,83.23,303,4.83
237,91,82.13,302,6.76
215,118,87.17,161,9.21
232,86,94.12,282,8.23
181,95,86.15,453,4.52
171,53,89.85,442,4.52
131,67,92.14,449,2.73
158,117,85.61,377,5.1
249,41,82.8,420,4.69
250,65,96.3,192,7.95
232,53,82.53,492,4.07
220,98,83.86,475,4.93
232,95,99.71,451,7.21
200,46,70.01,170,6.25
232,42,75.56,256,5.49
121,62,81.52,485,2.8
249,57,97.98,452,6.58
173,77,72.1,266,5.35
206,54,70.28,273,5.03
248,103,71.58,430,4.92
245,67,72.66,441,4.39
249,113,71.13,352,6.94
172,78,84.39,200,7.48
187,96,87.42,420,5.81
242,56,78.15,473,4.07
157,83,81.95,426,3.2
143,64,72.75,290,4.02
188,56,80.09,424,2.94
235,52,85.68,439,5.09
217,64,91.97,483,4.63
216,107,70.1,201,6.92
243,49,84.02,176,7.0
189,106,78.91,306,6.23
212,57,95.58,388,5.46
122,73,91.47,305,4.15
209,47,87.67,440,3.0
215,79,78.32,285,6.19
171,81,97.31,293,7.3
247,80,71.35,255,7.59
158,45,73.28,307,3.53
201,91,81.75,295,5.96
223,65,73.73,151,7.48
248,103,98.69,226,8.85
130,98,93.94,281,5.94
161,95,77.77,239,6.18
218,98,87.66,494,5.58
126,109,99.47,499,3.88
209,72,96.53,412,5.65
231,92,88.02,500,4.69
179,61,97.11,257,6.2
232,60,99.68,223,8.14
121,109,92.3,188,6.89
248,109,71.95,308,7.28
167,43,82.05,220,5.02
156,114,95.13,461,5.53
128,101,76.92,390,3.4
218,101,94.92,447,6.01
167,63,73.61,185,5.27
250,94,71.41,233,6.19
173,48,81.52,412,3.96
239,42,71.1,459,4.02
235,70,98.72,321,7.26
194,79,94.79,322,6.45
232,75,94.02,196,8.72
223,63,88.89,290,5.94
203,45,76.49,267,5.11
231,105,85.55,426,6.39
218,114,87.92,363,6.12
212,43,85.75,369,5.16
247,118,77.81,175,8.15
229,45,85.46,158,7.9
201,90,84.74,420,5.06
173,101,99.89,159,7.7
187,96,96.92,270,7.86
152,105,83.9,274,5.47
140,118,88.69,319,5.26
167,114,92.44,221,7.55
247,47,71.05,301,6.19
247,65,96.85,357,6.55
152,90,95.8,198,7.16
234,84,83.72,303,7.08
238,83,81.74,496,5.06
141,44,78.19,442,2.32
157,109,84.3,217,6.48
228,65,71.33,199,6.29
170,107,95.57,301,6.76
127,58,71.06,168,4.17
146,59,79.87,249,3.4
146,51,97.95,209,6.48
140,86,92.06,316,5.72
149,40,78.44,351,2.18
216,53,77.58,494,2.93
147,103,70.15,295,4.87
230,77,90.87,313,8.0
180,76,71.46,391,3.82
167,50,85.98,218,5.47
123,116,98.86,324,5.76
154,42,73.28,198,5.45
168,72,96.83,257,6.24
136,45,99.74,375,3.87
165,89,71.85,310,4.4
236,49,96.49,268,6.97
125,44,85.48,298,3.97
218,62,97.2,299,7.8
243,49,87.14,442,5.26
156,83,89.86,292,5.56
143,41,86.31,309,4.03
212,52,95.93,160,7.35
165,79,92.02,287,6.42
214,41,85.64,227,6.51
218,104,96.04,226,8.45
235,102,77.36,403,7.3
186,112,74.72,407,4.82
247,56,74.81,469,3.87
137,48,80.02,440,2.15
144,114,77.16,412,4.47
173,54,97.9,234,6.69
177,63,73.18,295,3.94
186,77,90.97,472,4.79
223,74,75.68,191,6.8
143,88,96.45,274,7.03
233,108,98.84,316,8.67
151,101,83.96,390,4.27
205,99,96.37,429,6.61
246,89,70.15,337,6.01
249,117,94.6,451,7.35
136,114,76.86,168,6.58
223,48,97.26,217,7.32
162,73,70.03,367,3.21
158,115,86.69,251,7.08
145,74,92.7,191,6.38
218,40,77.76,437,3.64
169,79,75.79,316,4.25
132,103,72.52,258,5.0
179,61,79.79,185,7.25
176,99,86.8,381,4.75
155,103,73.48,378,4.07
139,111,81.3,313,5.76
184,50,70.27,222,5.09
127,53,94.56,285,5.07
234,99,73.85,219,6.91
211,69,78.5,345,5.5
217,74,70.55,418,4.12
185,76,82.97,198,7.22
151,44,95.2,465,3.87
205,117,81.76,279,8.27
170,65,75.38,154,6.47
182,101,92.61,176,8.18
244,43,93.66,309,6.96
177,81,75.21,298,4.91
177,57,93.13,413,4.7
205,79,98.42,379,6.13
168,111,74.99,349,4.99
189,78,93.13,199,8.15
134,53,91.26,216,5.05
173,71,84.21,449,4.31
220,90,71.74,207,7.58
127,77,72.24,408,2.49
172,62,95.57,491,2.81
179,102,99.7,475,4.92
227,54,90.28,279,7.45
124,64,83.38,364,3.42
222,56,89.43,321,5.76
125,105,87.83,407,3.82
228,117,81.51,251,8.2
235,92,71.97,358,5.96
213,90,94.65,440,5.65
166,78,81.16,435,3.52
218,90,94.56,265,7.56
174,109,77.58,413,4.03
171,45,70.03,299,4.69
132,106,74.77,449,2.79
233,46,84.06,185,7.99
243,90,98.33,482,6.93
225,111,73.07,436,5.56
239,81,95.63,452,5.87
182,103,85.81,460,4.75
138,54,94.78,357,4.34
211,68,78.95,255,5.83
177,72,95.2,307,6.26
209,66,93.18,270,6.37
236,75,76.9,204,7.94
181,68,73.94,161,6.09
142,77,96.04,294,5.74
246,96,98.9,285,8.67
248,66,70.94,152,7.5
177,94,91.94,293,6.76
241,72,97.29,179,8.77
120,107,95.72,386,5.16
153,105,98.94,428,4.51
215,49,92.8,497,4.34
245,44,83.27,264,7.66
237,113,79.36,253,7.27
167,77,79.62,267,5.08
208,52,91.73,154,8.06
236,70,92.38,397,6.27
248,86,76.01,470,5.08
135,91,96.04,270,6.26
188,95,91.45,435,5.47
141,54,86.88,298,5.08
212,68,84.15,233,7.06
195,47,86.3,380,4.53
205,44,74.78,437,3.77
148,68,76.11,310,5.06
188,86,72.73,421,3.87
166,107,74.61,187,6.04
213,115,83.61,375,6.77
204,84,85.91,291,6.43
158,41,70.54,441,1.0
219,66,93.9,300,7.3
152,75,78.83,263,4.78
220,75,97.36,386,6.33
142,65,99.03,215,6.62
129,82,75.56,490,2.11
188,66,83.86,407,4.76
219,108,70.04,398,4.89
153,59,87.95,480,3.25
215,50,88.22,472,4.14
120,113,77.43,329,4.64
188,77,86.75,339,5.85
123,45,76.77,303,2.81
135,111,74.82,345,4.76
143,62,89.55,460,2.9
199,86,79.78,411,5.12
121,85,87.71,292,5.01
247,51,83.0,491,5.33
203,52,99.53,465,4.75
243,101,74.49,250,7.2
152,99,83.94,393,4.42
220,82,90.41,161,8.34
131,115,81.87,388,4.6
186,107,99.24,198,7.63
184,44,91.66,191,6.22
193,76,89.71,315,5.57
162,111,92.71,231,7.66
163,70,98.58,440,5.38
148,48,97.23,307,5.09
131,90,91.73,365,4.53
214,68,92.47,307,6.68
165,117,74.38,283,6.2
249,79,73.08,216,6.89
154,80,87.13,485,3.44
200,50,70.55,156,6.68
209,62,84.47,163,7.7
127,40,76.31,222,4.19
212,85,80.38,312,6.58
209,60,93.27,215,6.12
234,75,98.24,496,5.88
224,93,72.17,279,6.02
177,96,86.03,355,4.57
233,40,96.48,425,5.75
194,102,72.48,405,5.19
239,93,94.74,415,6.59
140,94,80.73,174,6.69
220,79,79.66,430,5.62
218,54,99.32,402,6.52
155,60,76.03,459,3.31
215,86,90.8,438,5.86
156,112,94.64,313,6.36
131,92,71.24,244,3.85
232,48,90.11,419,5.17
132,113,98.55,470,3.98
142,91,73.73,259,5.9
218,96,96.89,485,5.56
224,65,87.84,459,4.93
149,80,88.5,387,4.63
136,74,88.39,174,6.27
232,102,78.97,290,7.83
181,64,98.06,266,6.36
203,114,98.42,174,9.22
231,77,88.76,228,7.44
205,41,93.5,217,6.33
138,46,88.37,322,3.86
219,73,84.53,161,7.9
195,56,89.82,437,4.22
128,82,86.59,277,4.67
147,98,87.92,245,5.48
247,90,93.51,241,8.53
171,93,84.43,290,5.14
202,63,71.22,180,6.66
230,64,74.92,483,3.92
236,110,83.16,169,8.12
188,91,91.74,295,6.47
218,109,87.8,465,5.16
144,72,89.51,309,5.16
242,88,84.38,498,5.71
172,68,88.47,192,5.81
176,102,79.87,403,4.69
158,61,84.11,279,4.99
228,65,92.33,209,8.27
161,67,96.15,300,5.9
241,88,83.01,436,5.25
194,110,71.31,154,7.16
195,120,74.85,415,4.56
128,88,70.63,494,2.28
193,59,89.6,279,6.15
126,102,79.97,416,4.35
146,100,86.27,327,5.16
241,88,84.8,402,5.75
124,110,72.45,205,4.59
148,40,82.1,232,3.95
202,52,76.62,248,4.92
228,90,82.55,298,6.96
184,95,76.11,478,3.87
205,101,95.21,305,6.53
190,71,75.23,339,5.16
164,69,98.82,412,4.63
155,68,82.48,229,5.64
189,88,95.39,401,6.46
138,84,88.86,246,6.18
227,69,92.06,409,5.69
210,55,93.03,409,4.81
209,79,85.15,252,5.83
138,58,86.3,189,5.34
158,57,85.42,422,3.43
245,40,87.64,250,6.6
245,117,70.88,457,5.19
177,86,81.87,370,4.87
180,105,88.19,457,4.63
246,77,87.93,273,7.27
224,90,93.79,380,6.67
120,102,89.65,327,5.1
250,43,99.76,212,7.91
211,40,78.52,265,6.28
232,47,80.77,340,5.47
175,68,81.52,211,6.14
236,94,83.97,405,6.36
177,42,95.08,156,7.26
163,71,77.07,304,5.11
180,49,93.28,241,6.45
166,113,82.16,163,7.08
199,73,88.06,378,5.55
237,94,88.98,235,7.64
139,71,81.19,282,4.68
166,89,85.38,332,5.28
168,46,82.39,211,5.51
133,47,72.07,368,2.46
120,104,83.11,395,2.85
236,96,72.92,379,5.36
173,106,82.15,228,6.73
237,98,87.79,298,7.6
122,111,87.38,287,4.89
131,93,89.88,463,4.11
193,106,72.86,214,6.25
135,90,89.56,162,7.22
221,47,79.36,362,5.16
236,73,81.97,391,5.32
127,74,95.74,362,5.37
241,117,70.27,330,5.92
211,71,87.65,487,4.84
209,85,87.96,322,6.9
179,55,81.9,309,4.61
147,107,77.11,313,5.58
220,76,77.04,337,5.49
160,93,96.51,340,6.01
165,53,83.26,457,3.21
154,94,79.93,405,3.93
201,87,83.46,332,6.28
234,46,90.08,266,7.33
166,113,74.37,431,3.13
129,46,83.48,345,4.03
175,72,87.64,183,6.1
149,62,98.46,201,7.16
228,58,77.58,261,6.84
124,58,80.78,401,2.22
238,75,81.38,231,7.2
152,68,88.17,381,3.7
237,99,80.7,376,6.14
